[
  { "name": "Manama" },
  { "name": "Riffa" },
  { "name": "Muharraq" },
  { "name": "Isa Town" },
  { "name": "Hamad Town" },
  { "name": "A'ali" },
  { "name": "Sitra" },
  { "name": "Budaiya" },
  { "name": "Jidhafs" },
  { "name": "Al-Malikiyah" },
  { "name": "Zallaq" },
  { "name": "Sanabis" },
  { "name": "Tubli" },
  { "name": "Adliya" },
  { "name": "Seef" },
  { "name": "Busaiteen" },
  { "name": "Al Hidd" },
  { "name": "Galali" },
  { "name": "Diraz" },
  { "name": "Juffair" },
  { "name": "Barbar" },
  { "name": "Saar" },
  { "name": "Ma'ameer" },
  { "name": "Qalali" },
  { "name": "Arad" }
]

